id,country_id,state_name,state_code,state_initial,active,reason
1,105,Andhra Pradesh,28,AP,1,NULL
2,105,Arunachal Pradesh,12,AR,1,NULL
3,105,Andaman and Nicobar Islands,35,AN,1,NULL
4,105,Assam,18,AS,1,NULL
5,105,Bihar,10,BR,1,NULL
6,105,Chandigarh,4,CH,1,NULL
7,105,Chhattisgarh,22,CG,1,NULL
8,105,Dadar and Nagar Haveli,26,DH,1,NULL
9,105,Daman and Diu,25,DD,1,NULL
10,105,Delhi,7,DL,1,NULL
11,105,Goa,30,GA,1,NULL
12,105,Gujarat,24,GJ,1,NULL
13,105,Haryana,6,HR,1,NULL
14,105,Himachal Pradesh,2,HP,1,NULL
15,105,Jammu and Kashmir,1,JK,1,NULL
16,105,Jharkhand,20,JH,1,NULL
17,105,Karnataka,29,KA,1,NULL
18,105,Kerala,32,KL,1,NULL
19,105,Lakshadweep,31,LD,1,NULL
20,105,Madhya Pradesh,23,MP,1,NULL
21,105,Maharashtra,27,MH,1,NULL
22,105,Manipur,14,MN,1,NULL
23,105,Meghalaya,17,ML,1,NULL
24,105,Mizoram,15,MZ,1,NULL
25,105,Nagaland,13,NL,1,NULL
26,105,Odisha,21,OR,1,NULL
27,105,Pondicherry,34,PY,1,NULL
28,105,Punjab,3,PB,1,NULL
29,105,Rajasthan,8,RJ,1,NULL
30,105,Sikkim,11,SK,1,NULL
31,105,Tamil Nadu,33,TN,1,NULL
32,105,Tripura,16,TR,1,NULL
33,105,Uttarakhand,5,UK,1,NULL
34,105,Uttar Pradesh,9,UP,1,NULL
35,105,West Bangal,19,WB,1,NULL
241,3,Balkh,0,,1,NULL
242,3,Herat,0,,1,NULL
243,3,Kabol,0,,1,NULL
244,3,Qandahar,0,,1,NULL
245,8,Benguela,0,,1,NULL
246,8,Huambo,0,,1,NULL
247,8,Luanda,0,,1,NULL
248,8,Namibe,0,,1,NULL
250,6,Tirana,0,,1,NULL
251,1,Andorra la Vella,0,,1,NULL
253,2,Abu Dhabi,0,,1,NULL
254,2,Ajman,0,,1,NULL
255,2,Dubai,0,,1,NULL
256,2,Sharja,0,,1,NULL
257,10,Buenos Aires,0,,1,NULL
258,10,Catamarca,0,,1,NULL
260,10,Chaco,0,,1,NULL
261,10,Chubut,0,,1,NULL
262,10,Corrientes,0,,1,NULL
263,10,Distrito Federal,0,,1,NULL
264,10,Entre Rios,0,,1,NULL
265,10,Formosa,0,,1,NULL
266,10,Jujuy,0,,1,NULL
267,10,La Rioja,0,,1,NULL
268,10,Mendoza,0,,1,NULL
269,10,Misiones,0,,1,NULL
271,10,Salta,0,,1,NULL
272,10,San Juan,0,,1,NULL
273,10,San Luis,0,,1,NULL
275,10,Santiago del Estero,0,,1,NULL
277,7,Lori,0,,1,NULL
278,7,Yerevan,0,,1,NULL
280,11,Tutuila,0,,1,NULL
282,13,Capital Region,0,,1,NULL
283,13,New South Wales,0,,1,NULL
284,13,Queensland,0,,1,NULL
285,13,South Australia,0,,1,NULL
286,13,Tasmania,0,,1,NULL
287,13,Victoria,0,,1,NULL
288,13,West Australia,0,,1,NULL
290,12,North Austria,0,,1,NULL
291,12,Salzburg,0,,1,NULL
292,12,Steiermark,0,,1,NULL
293,12,Tiroli,0,,1,NULL
294,12,Wien,0,,1,NULL
295,16,Baki,0,,1,NULL
298,16,Sumqayit,0,,1,NULL
299,24,Bujumbura,0,,1,NULL
300,20,Antwerpen,0,,1,NULL
301,20,Bryssel,0,,1,NULL
302,20,East Flanderi,0,,1,NULL
303,20,Hainaut,0,,1,NULL
305,20,Namur,0,,1,NULL
306,20,West Flanderi,0,,1,NULL
307,25,Atacora,0,,1,NULL
308,25,Atlantique,0,,1,NULL
309,25,Borgou,0,,1,NULL
312,21,Houet,0,,1,NULL
313,21,Kadiogo,0,,1,NULL
314,19,Barisal,0,,1,NULL
315,19,Chittagong,0,,1,NULL
316,19,Dhaka,0,,1,NULL
317,19,Khulna,0,,1,NULL
318,19,Rajshahi,0,,1,NULL
319,19,Sylhet,0,,1,NULL
320,22,Burgas,0,,1,NULL
321,22,Grad Sofija,0,,1,NULL
322,22,Haskovo,0,,1,NULL
323,22,Lovec,0,,1,NULL
324,22,Plovdiv,0,,1,NULL
325,22,Ruse,0,,1,NULL
326,22,Varna,0,,1,NULL
327,23,al-Manama,0,,1,NULL
328,32,New Providence,0,,1,NULL
329,17,Federaatio,0,,1,NULL
330,17,Republika Srpska,0,,1,NULL
331,36,Brest,0,,1,NULL
332,36,Gomel,0,,1,NULL
333,36,Grodno,0,,1,NULL
334,36,Horad Minsk,0,,1,NULL
335,36,Minsk,0,,1,NULL
336,36,Mogiljov,0,,1,NULL
337,36,Vitebsk,0,,1,NULL
338,37,Belize City,0,,1,NULL
339,37,Cayo,0,,1,NULL
340,27,Hamilton,0,,1,NULL
342,29,Chuquisaca,0,,1,NULL
343,29,Cochabamba,0,,1,NULL
344,29,La Paz,0,,1,NULL
345,29,Oruro,0,,1,NULL
347,29,Santa Cruz,0,,1,NULL
348,29,Tarija,0,,1,NULL
349,31,Acre,0,,1,NULL
350,31,Alagoas,0,,1,NULL
352,31,Amazonas,0,,1,NULL
353,31,Bahia,0,,1,NULL
355,31,Distrito Federal,0,,1,NULL
360,31,Mato Grosso do Sul,0,,1,NULL
361,31,Minas Gerais,0,,1,NULL
365,31,Pernambuco,0,,1,NULL
367,31,Rio de Janeiro,0,,1,NULL
368,31,Rio Grande do Norte,0,,1,NULL
369,31,Rio Grande do Sul,0,,1,NULL
371,31,Roraima,0,,1,NULL
372,31,Santa Catarina,0,,1,NULL
373,31,Sao Paulo,0,,1,NULL
374,31,Sergipe,0,,1,NULL
375,31,Tocantins,0,,1,NULL
376,18,St Michael,0,,1,NULL
377,28,Brunei and Muara,0,,1,NULL
378,33,Thimphu,0,,1,NULL
379,35,Francistown,0,,1,NULL
380,35,Gaborone,0,,1,NULL
381,41,Bangui,0,,1,NULL
382,38,Alberta,0,,1,NULL
383,38,British Colombia,0,,1,NULL
384,38,Manitoba,0,,1,NULL
386,38,Nova Scotia,0,,1,NULL
387,38,Ontario,0,,1,NULL
388,38,Quebec,0,,1,NULL
389,38,Saskatchewan,0,,1,NULL
391,54,West Island,0,,1,NULL
392,43,Basel-Stadt,0,,1,NULL
393,43,Bern,0,,1,NULL
394,43,Geneve,0,,1,NULL
395,43,Vaud,0,,1,NULL
397,46,Antofagasta,0,,1,NULL
400,46,Coquimbo,0,,1,NULL
402,46,Los Lagos,0,,1,NULL
403,46,Magallanes,0,,1,NULL
404,46,Maule,0,,1,NULL
406,46,Santiago,0,,1,NULL
409,48,Anhui,0,,1,NULL
410,48,Chongqing,0,,1,NULL
411,48,Fujian,0,,1,NULL
412,48,Gansu,0,,1,NULL
413,48,Guangdong,0,,1,NULL
414,48,Guangxi,0,,1,NULL
415,48,Guizhou,0,,1,NULL
416,48,Hainan,0,,1,NULL
417,48,Hebei,0,,1,NULL
418,48,Heilongjiang,0,,1,NULL
419,48,Henan,0,,1,NULL
420,48,Hubei,0,,1,NULL
421,48,Hunan,0,,1,NULL
422,48,Inner Mongolia,0,,1,NULL
423,48,Jiangsu,0,,1,NULL
424,48,Jiangxi,0,,1,NULL
425,48,Jilin,0,,1,NULL
426,48,Liaoning,0,,1,NULL
427,48,Ningxia,0,,1,NULL
428,48,Peking,0,,1,NULL
429,48,Qinghai,0,,1,NULL
430,48,Shaanxi,0,,1,NULL
431,48,Shandong,0,,1,NULL
432,48,Shanghai,0,,1,NULL
433,48,Shanxi,0,,1,NULL
434,48,Sichuan,0,,1,NULL
435,48,Tianjin,0,,1,NULL
436,48,Tibet,0,,1,NULL
437,48,Xinxiang,0,,1,NULL
438,48,Yunnan,0,,1,NULL
439,48,Zhejiang,0,,1,NULL
445,47,Centre,0,,1,NULL
447,47,Littoral,0,,1,NULL
448,47,Nord,0,,1,NULL
449,47,Nord-Ouest,0,,1,NULL
450,47,Ouest,0,,1,NULL
461,119,Brazzaville,0,,1,NULL
462,119,Kouilou,0,,1,NULL
463,45,Rarotonga,0,,1,NULL
464,49,Antioquia,0,,1,NULL
468,49,Caldas,0,,1,NULL
472,49,Cesar,0,,1,NULL
473,49,Cundinamarca,0,,1,NULL
474,49,Huila,0,,1,NULL
475,49,La Guajira,0,,1,NULL
476,49,Magdalena,0,,1,NULL
477,49,Meta,0,,1,NULL
481,49,Risaralda,0,,1,NULL
483,49,Santander,0,,1,NULL
484,49,Sucre,0,,1,NULL
486,49,Valle,0,,1,NULL
487,119,Njazidja,0,,1,NULL
492,51,Cienfuegos,0,,1,NULL
493,51,Granma,0,,1,NULL
496,51,La Habana,0,,1,NULL
497,51,Las Tunas,0,,1,NULL
498,51,Matanzas,0,,1,NULL
501,51,Santiago de Cuba,0,,1,NULL
502,51,Villa Clara,0,,1,NULL
504,124,Grand Cayman,0,,1,NULL
505,55,Limassol,0,,1,NULL
506,55,Nicosia,0,,1,NULL
514,57,Anhalt Sachsen,0,,1,NULL
516,57,Baijeri,0,,1,NULL
517,57,Berliini,0,,1,NULL
518,57,Brandenburg,0,,1,NULL
519,57,Bremen,0,,1,NULL
520,57,Hamburg,0,,1,NULL
521,57,Hessen,0,,1,NULL
522,57,Mecklenburg-Vorpomme,0,,1,NULL
523,57,Niedersachsen,0,,1,NULL
524,57,Nordrhein-Westfalen,0,,1,NULL
525,57,Rheinland-Pfalz,0,,1,NULL
527,57,Saksi,0,,1,NULL
528,57,Schleswig-Holstein,0,,1,NULL
530,58,Djibouti,0,,1,NULL
531,60,St George,0,,1,NULL
533,59,Frederiksberg,0,,1,NULL
534,59,Fyn,0,,1,NULL
536,59,Nordjylland,0,,1,NULL
539,61,La Romana,0,,1,NULL
540,61,Puerto Plata,0,,1,NULL
542,61,Santiago,0,,1,NULL
543,62,Alger,0,,1,NULL
544,62,Annaba,0,,1,NULL
545,62,Batna,0,,1,NULL
548,62,Biskra,0,,1,NULL
549,62,Blida,0,,1,NULL
550,62,Chlef,0,,1,NULL
551,62,Constantine,0,,1,NULL
553,62,Mostaganem,0,,1,NULL
554,62,Oran,0,,1,NULL
557,62,Skikda,0,,1,NULL
559,62,Tiaret,0,,1,NULL
560,62,Tlemcen,0,,1,NULL
561,63,Azuay,0,,1,NULL
563,63,El Oro,0,,1,NULL
564,63,Esmeraldas,0,,1,NULL
565,63,Guayas,0,,1,NULL
566,63,Imbabura,0,,1,NULL
567,63,Loja,0,,1,NULL
570,63,Pichincha,0,,1,NULL
571,63,Tungurahua,0,,1,NULL
572,65,al-Buhayra,0,,1,NULL
573,65,al-Daqahliya,0,,1,NULL
574,65,al-Faiyum,0,,1,NULL
575,65,al-Gharbiya,0,,1,NULL
576,65,al-Minufiya,0,,1,NULL
577,65,al-Minya,0,,1,NULL
578,65,al-Qalyubiya,0,,1,NULL
579,65,al-Sharqiya,0,,1,NULL
580,65,Aleksandria,0,,1,NULL
581,65,Assuan,0,,1,NULL
582,65,Asyut,0,,1,NULL
583,65,Bani Suwayf,0,,1,NULL
584,65,Giza,0,,1,NULL
585,65,Ismailia,0,,1,NULL
586,65,Kafr al-Shaykh,0,,1,NULL
587,65,Kairo,0,,1,NULL
588,65,Luxor,0,,1,NULL
589,65,Port Said,0,,1,NULL
590,65,Qina,0,,1,NULL
591,65,Sawhaj,0,,1,NULL
592,65,Shamal Sina,0,,1,NULL
593,65,Suez,0,,1,NULL
594,67,Maekel,0,,1,NULL
596,68,Andalusia,0,,1,NULL
597,68,Aragonia,0,,1,NULL
598,68,Asturia,0,,1,NULL
599,68,Balears,0,,1,NULL
600,68,Baskimaa,0,,1,NULL
601,68,Canary Islands,0,,1,NULL
602,68,Cantabria,0,,1,NULL
603,68,Castilla and Lean,0,,1,NULL
604,68,Extremadura,0,,1,NULL
605,68,Galicia,0,,1,NULL
606,68,Kastilia-La Mancha,0,,1,NULL
607,68,Katalonia,0,,1,NULL
608,68,La Rioja,0,,1,NULL
609,68,Madrid,0,,1,NULL
610,68,Murcia,0,,1,NULL
612,68,Valencia,0,,1,NULL
613,64,Harjumaa,0,,1,NULL
614,64,Tartumaa,0,,1,NULL
615,69,Addis Abeba,0,,1,NULL
616,69,Amhara,0,,1,NULL
617,69,Dire Dawa,0,,1,NULL
618,69,Oromia,0,,1,NULL
619,69,Tigray,0,,1,NULL
620,70,Newmaa,0,,1,NULL
622,70,Pirkanmaa,0,,1,NULL
623,70,Pohjois-Pohjanmaa,0,,1,NULL
625,71,Central,0,,1,NULL
626,72,East Falkland,0,,1,NULL
627,75,Alsace,0,,1,NULL
628,75,Aquitaine,0,,1,NULL
629,75,Auvergne,0,,1,NULL
631,75,Basse-Normandie,0,,1,NULL
632,75,Bourgogne,0,,1,NULL
633,75,Bretagne,0,,1,NULL
634,75,Centre,0,,1,NULL
635,75,Champagne-Ardenne,0,,1,NULL
637,75,Haute-Normandie,0,,1,NULL
638,75,Languedoc-Roussillon,0,,1,NULL
639,75,Limousin,0,,1,NULL
640,75,Lorraine,0,,1,NULL
642,75,Nord-Pas-de-Calais,0,,1,NULL
643,75,Pays de la Loire,0,,1,NULL
644,75,Picardie,0,,1,NULL
650,76,Estuaire,0,,1,NULL
652,77,England,0,,1,NULL
653,77,Jersey,0,,1,NULL
654,77,North Ireland,0,,1,NULL
655,77,Scotland,0,,1,NULL
656,77,Wales,0,,1,NULL
659,79,Imereti,0,,1,NULL
660,79,Kvemo Kartli,0,,1,NULL
661,79,Tbilisi,0,,1,NULL
662,82,Ashanti,0,,1,NULL
663,82,Greater Accra,0,,1,NULL
664,82,Northern,0,,1,NULL
665,82,Western,0,,1,NULL
667,86,Conakry,0,,1,NULL
668,87,Basse-Terre,0,,1,NULL
669,87,Grande-Terre,0,,1,NULL
670,85,Banjul,0,,1,NULL
671,85,Kombo St Mary,0,,1,NULL
672,93,Bissau,0,,1,NULL
673,88,Bioko,0,,1,NULL
674,89,Attika,0,,1,NULL
675,89,Central Macedonia,0,,1,NULL
676,89,Crete,0,,1,NULL
677,89,Thessalia,0,,1,NULL
678,89,West Greece,0,,1,NULL
679,78,St George,0,,1,NULL
680,84,Kitaa,0,,1,NULL
681,91,Guatemala,0,,1,NULL
682,91,Quetzaltenango,0,,1,NULL
683,80,Cayenne,0,,1,NULL
685,94,Georgetown,0,,1,NULL
686,95,Hongkong,0,,1,NULL
687,95,Kowloon and New Kowl,0,,1,NULL
690,97,Distrito Central,0,,1,NULL
691,98,Grad Zagreb,0,,1,NULL
692,98,Osijek-Baranja,0,,1,NULL
693,98,Primorje-Gorski Kota,0,,1,NULL
694,98,Split-Dalmatia,0,,1,NULL
695,99,Nord,0,,1,NULL
696,99,Ouest,0,,1,NULL
700,100,Budapest,0,,1,NULL
706,101,Aceh,0,,1,NULL
707,101,Bali,0,,1,NULL
708,101,Bengkulu,0,,1,NULL
709,101,Central Java,0,,1,NULL
710,101,East Java,0,,1,NULL
711,101,Jakarta Raya,0,,1,NULL
712,101,Jambi,0,,1,NULL
713,101,Kalimantan Barat,0,,1,NULL
714,101,Kalimantan Selatan,0,,1,NULL
715,101,Kalimantan Tengah,0,,1,NULL
716,101,Kalimantan Timur,0,,1,NULL
717,101,Lampung,0,,1,NULL
718,101,Molukit,0,,1,NULL
719,101,Nusa Tenggara Barat,0,,1,NULL
720,101,Nusa Tenggara Timur,0,,1,NULL
721,101,Riau,0,,1,NULL
722,101,Sulawesi Selatan,0,,1,NULL
723,101,Sulawesi Tengah,0,,1,NULL
724,101,Sulawesi Tenggara,0,,1,NULL
725,101,Sulawesi Utara,0,,1,NULL
726,101,Sumatera Barat,0,,1,NULL
727,101,Sumatera Selatan,0,,1,NULL
728,101,Sumatera Utara,0,,1,NULL
729,101,West Irian,0,,1,NULL
730,101,West Java,0,,1,NULL
731,101,Yogyakarta,0,,1,NULL
758,102,Leinster,0,,1,NULL
759,102,Munster,0,,1,NULL
760,108,Ardebil,0,,1,NULL
761,108,Bushehr,0,,1,NULL
762,108,Chaharmahal va Bakht,0,,1,NULL
763,108,East Azerbaidzan,0,,1,NULL
764,108,Esfahan,0,,1,NULL
765,108,Fars,0,,1,NULL
766,108,Gilan,0,,1,NULL
767,108,Golestan,0,,1,NULL
768,108,Hamadan,0,,1,NULL
769,108,Hormozgan,0,,1,NULL
770,108,Ilam,0,,1,NULL
771,108,Kerman,0,,1,NULL
772,108,Kermanshah,0,,1,NULL
773,108,Khorasan,0,,1,NULL
774,108,Khuzestan,0,,1,NULL
775,108,Kordestan,0,,1,NULL
776,108,Lorestan,0,,1,NULL
777,108,Markazi,0,,1,NULL
778,108,Mazandaran,0,,1,NULL
779,108,Qazvin,0,,1,NULL
780,108,Qom,0,,1,NULL
781,108,Semnan,0,,1,NULL
782,108,Sistan va Baluchesta,0,,1,NULL
783,108,Teheran,0,,1,NULL
784,108,West Azerbaidzan,0,,1,NULL
785,108,Yazd,0,,1,NULL
786,108,Zanjan,0,,1,NULL
787,107,al-Anbar,0,,1,NULL
788,107,al-Najaf,0,,1,NULL
789,107,al-Qadisiya,0,,1,NULL
790,107,al-Sulaymaniya,0,,1,NULL
791,107,al-Tamim,0,,1,NULL
792,107,Babil,0,,1,NULL
793,107,Baghdad,0,,1,NULL
794,107,Basra,0,,1,NULL
795,107,DhiQar,0,,1,NULL
796,107,Diyala,0,,1,NULL
797,107,Irbil,0,,1,NULL
798,107,Karbala,0,,1,NULL
799,107,Maysan,0,,1,NULL
800,107,Ninawa,0,,1,NULL
801,107,Wasit,0,,1,NULL
803,103,Ha Darom,0,,1,NULL
804,103,Ha Merkaz,0,,1,NULL
805,103,Haifa,0,,1,NULL
806,103,Jerusalem,0,,1,NULL
807,103,Tel Aviv,0,,1,NULL
808,110,Abruzzit,0,,1,NULL
809,110,Apulia,0,,1,NULL
810,110,Calabria,0,,1,NULL
811,110,Campania,0,,1,NULL
812,110,Emilia-Romagna,0,,1,NULL
813,110,Friuli-Venezia Giuli,0,,1,NULL
814,110,Latium,0,,1,NULL
815,110,Liguria,0,,1,NULL
816,110,Lombardia,0,,1,NULL
817,110,Marche,0,,1,NULL
818,110,Piemonte,0,,1,NULL
819,110,Sardinia,0,,1,NULL
820,110,Sisilia,0,,1,NULL
821,110,Toscana,0,,1,NULL
822,110,Trentino-Alto Adige,0,,1,NULL
823,110,Umbria,0,,1,NULL
824,110,Veneto,0,,1,NULL
825,112,St. Andrew,0,,1,NULL
826,112,St. Catherine,0,,1,NULL
827,113,al-Zarqa,0,,1,NULL
828,113,Amman,0,,1,NULL
829,113,Irbid,0,,1,NULL
830,114,Aichi,0,,1,NULL
831,114,Akita,0,,1,NULL
832,114,Aomori,0,,1,NULL
833,114,Chiba,0,,1,NULL
834,114,Ehime,0,,1,NULL
835,114,Fukui,0,,1,NULL
836,114,Fukuoka,0,,1,NULL
837,114,Fukushima,0,,1,NULL
838,114,Gifu,0,,1,NULL
839,114,Gumma,0,,1,NULL
840,114,Hiroshima,0,,1,NULL
841,114,Hokkaido,0,,1,NULL
842,114,Hyogo,0,,1,NULL
843,114,Ibaragi,0,,1,NULL
844,114,Ishikawa,0,,1,NULL
845,114,Iwate,0,,1,NULL
846,114,Kagawa,0,,1,NULL
847,114,Kagoshima,0,,1,NULL
848,114,Kanagawa,0,,1,NULL
849,114,Kochi,0,,1,NULL
850,114,Kumamoto,0,,1,NULL
851,114,Kyoto,0,,1,NULL
852,114,Mie,0,,1,NULL
853,114,Miyagi,0,,1,NULL
854,114,Miyazaki,0,,1,NULL
855,114,Nagano,0,,1,NULL
856,114,Nagasaki,0,,1,NULL
857,114,Nara,0,,1,NULL
858,114,Niigata,0,,1,NULL
859,114,Oita,0,,1,NULL
860,114,Okayama,0,,1,NULL
861,114,Okinawa,0,,1,NULL
862,114,Osaka,0,,1,NULL
863,114,Saga,0,,1,NULL
864,114,Saitama,0,,1,NULL
865,114,Shiga,0,,1,NULL
866,114,Shimane,0,,1,NULL
867,114,Shizuoka,0,,1,NULL
868,114,Tochigi,0,,1,NULL
869,114,Tokushima,0,,1,NULL
870,114,Tokyo-to,0,,1,NULL
871,114,Tottori,0,,1,NULL
872,114,Toyama,0,,1,NULL
873,114,Wakayama,0,,1,NULL
874,114,Yamagata,0,,1,NULL
875,114,Yamaguchi,0,,1,NULL
876,114,Yamanashi,0,,1,NULL
877,125,Almaty,0,,1,NULL
878,125,Almaty Qalasy,0,,1,NULL
880,125,Astana,0,,1,NULL
881,125,Atyrau,0,,1,NULL
882,125,East Kazakstan,0,,1,NULL
883,125,Mangghystau,0,,1,NULL
884,125,North Kazakstan,0,,1,NULL
885,125,Pavlodar,0,,1,NULL
886,125,Qaraghandy,0,,1,NULL
887,125,Qostanay,0,,1,NULL
888,125,Qyzylorda,0,,1,NULL
889,125,South Kazakstan,0,,1,NULL
890,125,Taraz,0,,1,NULL
891,125,West Kazakstan,0,,1,NULL
892,115,Central,0,,1,NULL
893,115,Coast,0,,1,NULL
894,115,Eastern,0,,1,NULL
895,115,Nairobi,0,,1,NULL
896,115,Nyanza,0,,1,NULL
897,115,Rift Valley,0,,1,NULL
898,116,Bishkek shaary,0,,1,NULL
899,116,Osh,0,,1,NULL
900,117,Battambang,0,,1,NULL
901,117,Phnom Penh,0,,1,NULL
902,117,Siem Reap,0,,1,NULL
903,118,South Tarawa,0,,1,NULL
904,120,St George Basseterre,0,,1,NULL
905,122,Cheju,0,,1,NULL
906,122,Chollabuk,0,,1,NULL
907,122,Chollanam,0,,1,NULL
908,122,Chungchongbuk,0,,1,NULL
909,122,Chungchongnam,0,,1,NULL
910,122,Inchon,0,,1,NULL
911,122,Kang-won,0,,1,NULL
912,122,Kwangju,0,,1,NULL
913,122,Kyonggi,0,,1,NULL
914,122,Kyongsangbuk,0,,1,NULL
915,122,Kyongsangnam,0,,1,NULL
916,122,Pusan,0,,1,NULL
917,122,Seoul,0,,1,NULL
918,122,Taegu,0,,1,NULL
919,122,Taejon,0,,1,NULL
920,123,al-Asima,0,,1,NULL
921,123,Hawalli,0,,1,NULL
922,126,Savannakhet,0,,1,NULL
923,126,Viangchan,0,,1,NULL
924,127,al-Shamal,0,,1,NULL
925,127,Beirut,0,,1,NULL
926,131,Montserrado,0,,1,NULL
927,136,al-Zawiya,0,,1,NULL
928,136,Bengasi,0,,1,NULL
929,136,Misrata,0,,1,NULL
930,136,Tripoli,0,,1,NULL
931,128,Castries,0,,1,NULL
932,129,Schaan,0,,1,NULL
933,129,Vaduz,0,,1,NULL
934,130,Central,0,,1,NULL
935,130,Northern,0,,1,NULL
936,130,Western,0,,1,NULL
937,132,Maseru,0,,1,NULL
938,133,Kaunas,0,,1,NULL
939,133,Klaipeda,0,,1,NULL
940,133,Panevezys,0,,1,NULL
941,133,Vilna,0,,1,NULL
944,135,Daugavpils,0,,1,NULL
945,135,Liepaja,0,,1,NULL
946,135,Riika,0,,1,NULL
947,148,Macau,0,,1,NULL
948,137,Casablanca,0,,1,NULL
949,137,Chaouia-Ouardigha,0,,1,NULL
950,137,Doukkala-Abda,0,,1,NULL
953,137,Marrakech-Tensift-Al,0,,1,NULL
955,137,Oriental,0,,1,NULL
958,137,Tadla-Azilal,0,,1,NULL
960,137,Taza-Al Hoceima-Taou,0,,1,NULL
962,139,Balti,0,,1,NULL
964,139,Chisinau,0,,1,NULL
965,139,Dnjestria,0,,1,NULL
966,142,Antananarivo,0,,1,NULL
967,142,Fianarantsoa,0,,1,NULL
968,142,Mahajanga,0,,1,NULL
969,142,Toamasina,0,,1,NULL
970,155,Maale,0,,1,NULL
971,157,Aguascalientes,0,,1,NULL
972,157,Baja California,0,,1,NULL
973,157,Baja California Sur,0,,1,NULL
974,157,Campeche,0,,1,NULL
975,157,Chiapas,0,,1,NULL
976,157,Chihuahua,0,,1,NULL
977,157,Coahuila de Zaragoza,0,,1,NULL
978,157,Colima,0,,1,NULL
979,157,Distrito Federal,0,,1,NULL
980,157,Durango,0,,1,NULL
981,157,Guanajuato,0,,1,NULL
982,157,Guerrero,0,,1,NULL
983,157,Hidalgo,0,,1,NULL
984,157,Jalisco,0,,1,NULL
987,157,Morelos,0,,1,NULL
988,157,Nayarit,0,,1,NULL
990,157,Oaxaca,0,,1,NULL
991,157,Puebla,0,,1,NULL
996,157,Sinaloa,0,,1,NULL
997,157,Sonora,0,,1,NULL
998,157,Tabasco,0,,1,NULL
999,157,Tamaulipas,0,,1,NULL
1000,157,Veracruz,0,,1,NULL
1003,157,Zacatecas,0,,1,NULL
1004,143,Majuro,0,,1,NULL
1005,144,Skopje,0,,1,NULL
1006,145,Bamako,0,,1,NULL
1007,153,Inner Harbour,0,,1,NULL
1008,153,Outer Harbour,0,,1,NULL
1011,159,Mandalay,0,,1,NULL
1012,159,Mon,0,,1,NULL
1014,159,Rakhine,0,,1,NULL
1016,159,Sagaing,0,,1,NULL
1017,159,Shan,0,,1,NULL
1019,147,Ulaanbaatar,0,,1,NULL
1020,149,Saipan,0,,1,NULL
1021,159,Gaza,0,,1,NULL
1022,159,Inhambane,0,,1,NULL
1023,159,Manica,0,,1,NULL
1024,159,Maputo,0,,1,NULL
1025,159,Nampula,0,,1,NULL
1026,159,Sofala,0,,1,NULL
1027,159,Tete,0,,1,NULL
1030,151,Nouakchott,0,,1,NULL
1031,152,Plymouth,0,,1,NULL
1032,150,Fort-de-France,0,,1,NULL
1033,154,Plaines Wilhelms,0,,1,NULL
1034,154,Port-Louis,0,,1,NULL
1035,156,Blantyre,0,,1,NULL
1036,156,Lilongwe,0,,1,NULL
1037,158,Johor,0,,1,NULL
1038,158,Kedah,0,,1,NULL
1039,158,Kelantan,0,,1,NULL
1040,158,Negeri Sembilan,0,,1,NULL
1041,158,Pahang,0,,1,NULL
1042,158,Perak,0,,1,NULL
1043,158,Pulau Pinang,0,,1,NULL
1044,158,Sabah,0,,1,NULL
1045,158,Sarawak,0,,1,NULL
1046,158,Selangor,0,,1,NULL
1047,158,Terengganu,0,,1,NULL
1048,158,Wilayah Persekutuan,0,,1,NULL
1049,247,Mamoutzou,0,,1,NULL
1050,160,Khomas,0,,1,NULL
1052,162,Maradi,0,,1,NULL
1053,162,Niamey,0,,1,NULL
1054,162,Zinder,0,,1,NULL
1056,164,Anambra & Enugu & Eb,0,,1,NULL
1057,164,Bauchi & Gombe,0,,1,NULL
1058,164,Benue,0,,1,NULL
1059,164,Borno & Yobe,0,,1,NULL
1060,164,Cross River,0,,1,NULL
1061,164,Edo & Delta,0,,1,NULL
1062,164,Federal Capital Dist,0,,1,NULL
1063,164,Imo & Abia,0,,1,NULL
1064,164,Kaduna,0,,1,NULL
1065,164,Kano & Jigawa,0,,1,NULL
1066,164,Katsina,0,,1,NULL
1067,164,Kwara & Kogi,0,,1,NULL
1068,164,Lagos,0,,1,NULL
1069,164,Niger,0,,1,NULL
1070,164,Ogun,0,,1,NULL
1071,164,Ondo & Ekiti,0,,1,NULL
1072,164,Oyo & Osun,0,,1,NULL
1073,164,Plateau & Nassarawa,0,,1,NULL
1074,164,Rivers & Bayelsa,0,,1,NULL
1075,164,Sokoto & Kebbi & Zam,0,,1,NULL
1076,165,Chinandega,0,,1,NULL
1078,165,Managua,0,,1,NULL
1079,165,Masaya,0,,1,NULL
1081,166,Drenthe,0,,1,NULL
1082,166,Flevoland,0,,1,NULL
1083,166,Gelderland,0,,1,NULL
1084,166,Groningen,0,,1,NULL
1085,166,Limburg,0,,1,NULL
1086,166,Noord-Brabant,0,,1,NULL
1087,166,Noord-Holland,0,,1,NULL
1088,166,Overijssel,0,,1,NULL
1089,166,Utrecht,0,,1,NULL
1090,166,Zuid-Holland,0,,1,NULL
1092,167,Hordaland,0,,1,NULL
1093,167,Oslo,0,,1,NULL
1094,167,Rogaland,0,,1,NULL
1096,168,Central,0,,1,NULL
1097,168,Eastern,0,,1,NULL
1098,168,Western,0,,1,NULL
1100,171,Auckland,0,,1,NULL
1101,171,Canterbury,0,,1,NULL
1102,171,Dunedin,0,,1,NULL
1103,171,Hamilton,0,,1,NULL
1104,171,Wellington,0,,1,NULL
1105,172,al-Batina,0,,1,NULL
1106,172,Masqat,0,,1,NULL
1107,172,Zufar,0,,1,NULL
1108,178,Baluchistan,0,,1,NULL
1109,178,Islamabad,0,,1,NULL
1110,178,Nothwest Border Prov,0,,1,NULL
1111,178,Punjab,3,PB,1,NULL
1112,178,Sind,0,,1,NULL
1113,178,Sindh,0,,1,NULL
1115,173,San Miguelito,0,,1,NULL
1117,174,Ancash,0,,1,NULL
1118,174,Arequipa,0,,1,NULL
1119,174,Ayacucho,0,,1,NULL
1120,174,Cajamarca,0,,1,NULL
1121,174,Callao,0,,1,NULL
1122,174,Cusco,0,,1,NULL
1124,174,Ica,0,,1,NULL
1126,174,La Libertad,0,,1,NULL
1127,174,Lambayeque,0,,1,NULL
1128,174,Lima,0,,1,NULL
1129,174,Loreto,0,,1,NULL
1130,174,Piura,0,,1,NULL
1131,174,Puno,0,,1,NULL
1132,174,Tacna,0,,1,NULL
1133,174,Ucayali,0,,1,NULL
1134,177,ARMM,0,,1,NULL
1135,177,Bicol,0,,1,NULL
1136,177,Cagayan Valley,0,,1,NULL
1137,177,CAR,0,,1,NULL
1138,177,Caraga,0,,1,NULL
1139,177,Central Luzon,0,,1,NULL
1140,177,Central Mindanao,0,,1,NULL
1141,177,Central Visayas,0,,1,NULL
1142,177,Eastern Visayas,0,,1,NULL
1143,177,Ilocos,0,,1,NULL
1144,177,National Capital Reg,0,,1,NULL
1145,177,Northern Mindanao,0,,1,NULL
1146,177,Southern Mindanao,0,,1,NULL
1147,177,Southern Tagalog,0,,1,NULL
1148,177,Western Mindanao,0,,1,NULL
1149,177,Western Visayas,0,,1,NULL
1150,185,Koror,0,,1,NULL
1151,176,National Capital Dis,0,,1,NULL
1152,179,Dolnoslaskie,0,,1,NULL
1153,179,Kujawsko-Pomorskie,0,,1,NULL
1155,179,Lubelskie,0,,1,NULL
1158,179,Mazowieckie,0,,1,NULL
1159,179,Opolskie,0,,1,NULL
1161,179,Podlaskie,0,,1,NULL
1162,179,Pomorskie,0,,1,NULL
1163,179,Slaskie,0,,1,NULL
1164,179,Swietokrzyskie,0,,1,NULL
1165,179,Warminsko-Mazurskie,0,,1,NULL
1166,179,Wielkopolskie,0,,1,NULL
1167,179,Zachodnio-Pomorskie,0,,1,NULL
1168,182,Arecibo,0,,1,NULL
1170,182,Caguas,0,,1,NULL
1171,182,Carolina,0,,1,NULL
1172,182,Guaynabo,0,,1,NULL
1174,182,Ponce,0,,1,NULL
1175,182,San Juan,0,,1,NULL
1176,182,Toa Baja,0,,1,NULL
1177,121,Chagang,0,,1,NULL
1178,121,Hamgyong N,0,,1,NULL
1179,121,Hamgyong P,0,,1,NULL
1180,121,Hwanghae N,0,,1,NULL
1181,121,Hwanghae P,0,,1,NULL
1182,121,Kaesong-si,0,,1,NULL
1183,121,Kangwon,0,,1,NULL
1184,121,Nampo-si,0,,1,NULL
1185,121,Pyongan N,0,,1,NULL
1186,121,Pyongan P,0,,1,NULL
1187,121,Pyongyang-si,0,,1,NULL
1188,121,Yanggang,0,,1,NULL
1189,184,Braga,0,,1,NULL
1191,184,Lisboa,0,,1,NULL
1192,184,Porto,0,,1,NULL
1195,186,Central,0,,1,NULL
1196,183,Gaza,0,,1,NULL
1197,183,Hebron,0,,1,NULL
1198,183,Khan Yunis,0,,1,NULL
1199,183,Nablus,0,,1,NULL
1200,183,North Gaza,0,,1,NULL
1201,183,Rafah,0,,1,NULL
1202,175,Tahiti,0,,1,NULL
1203,187,Doha,0,,1,NULL
1205,189,Arad,0,,1,NULL
1206,189,Arges,0,,1,NULL
1207,189,Bacau,0,,1,NULL
1208,189,Bihor,0,,1,NULL
1209,189,Botosani,0,,1,NULL
1210,189,Braila,0,,1,NULL
1211,189,Brasov,0,,1,NULL
1212,189,Bukarest,0,,1,NULL
1213,189,Buzau,0,,1,NULL
1214,189,Caras-Severin,0,,1,NULL
1215,189,Cluj,0,,1,NULL
1216,189,Constanta,0,,1,NULL
1218,189,Dolj,0,,1,NULL
1219,189,Galati,0,,1,NULL
1221,189,Iasi,0,,1,NULL
1222,189,Maramures,0,,1,NULL
1223,189,Mehedinti,0,,1,NULL
1225,189,Neamt,0,,1,NULL
1226,189,Prahova,0,,1,NULL
1227,189,Satu Mare,0,,1,NULL
1228,189,Sibiu,0,,1,NULL
1229,189,Suceava,0,,1,NULL
1230,189,Timis,0,,1,NULL
1231,189,Tulcea,0,,1,NULL
1233,189,Vrancea,0,,1,NULL
1234,191,Adygea,0,,1,NULL
1235,191,Altai,0,,1,NULL
1237,191,Arkangeli,0,,1,NULL
1238,191,Astrahan,0,,1,NULL
1240,191,Belgorod,0,,1,NULL
1241,191,Brjansk,0,,1,NULL
1242,191,Burjatia,0,,1,NULL
1243,191,Dagestan,0,,1,NULL
1244,191,Habarovsk,0,,1,NULL
1245,191,Hakassia,0,,1,NULL
1246,191,Hanti-Mansia,0,,1,NULL
1247,191,Irkutsk,0,,1,NULL
1248,191,Ivanovo,0,,1,NULL
1249,191,Jaroslavl,0,,1,NULL
1251,191,Kaliningrad,0,,1,NULL
1252,191,Kalmykia,0,,1,NULL
1253,191,Kaluga,0,,1,NULL
1256,191,Karjala,0,,1,NULL
1257,191,Kemerovo,0,,1,NULL
1258,191,Kirov,0,,1,NULL
1259,191,Komi,0,,1,NULL
1260,191,Kostroma,0,,1,NULL
1261,191,Krasnodar,0,,1,NULL
1262,191,Krasnojarsk,0,,1,NULL
1263,191,Kurgan,0,,1,NULL
1264,191,Kursk,0,,1,NULL
1265,191,Lipetsk,0,,1,NULL
1266,191,Magadan,0,,1,NULL
1268,191,Mordva,0,,1,NULL
1269,191,Moscow (City),0,,1,NULL
1270,191,Moskova,0,,1,NULL
1271,191,Murmansk,0,,1,NULL
1272,191,Nizni Novgorod,0,,1,NULL
1273,191,North Ossetia-Alania,0,,1,NULL
1274,191,Novgorod,0,,1,NULL
1275,191,Novosibirsk,0,,1,NULL
1276,191,Omsk,0,,1,NULL
1277,191,Orenburg,0,,1,NULL
1278,191,Orjol,0,,1,NULL
1279,191,Penza,0,,1,NULL
1280,191,Perm,0,,1,NULL
1281,191,Pietari,0,,1,NULL
1282,191,Pihkova,0,,1,NULL
1283,191,Primorje,0,,1,NULL
1284,191,Rjazan,0,,1,NULL
1285,191,Rostov-na-Donu,0,,1,NULL
1286,191,Saha (Jakutia),0,,1,NULL
1287,191,Sahalin,0,,1,NULL
1288,191,Samara,0,,1,NULL
1289,191,Saratov,0,,1,NULL
1290,191,Smolensk,0,,1,NULL
1291,191,Stavropol,0,,1,NULL
1292,191,Sverdlovsk,0,,1,NULL
1293,191,Tambov,0,,1,NULL
1294,191,Tatarstan,0,,1,NULL
1295,191,Tjumen,0,,1,NULL
1296,191,Tomsk,0,,1,NULL
1297,191,Tula,0,,1,NULL
1298,191,Tver,0,,1,NULL
1299,191,Tyva,0,,1,NULL
1304,191,Udmurtia,0,,1,NULL
1305,191,Uljanovsk,0,,1,NULL
1306,191,Vladimir,0,,1,NULL
1307,191,Volgograd,0,,1,NULL
1308,191,Vologda,0,,1,NULL
1309,191,Voronez,0,,1,NULL
1310,191,Yamalin Nenetsia,0,,1,NULL
1311,192,Kigali,0,,1,NULL
1313,193,al-Qasim,0,,1,NULL
1314,193,al-Sharqiya,0,,1,NULL
1315,193,Asir,0,,1,NULL
1316,193,Hail,0,,1,NULL
1317,193,Medina,0,,1,NULL
1318,193,Mekka,0,,1,NULL
1319,193,Najran,0,,1,NULL
1320,193,Qasim,0,,1,NULL
1321,193,Riad,0,,1,NULL
1322,193,Riyadh,0,,1,NULL
1323,193,Tabuk,0,,1,NULL
1324,196,al-Bahr al-Abyad,0,,1,NULL
1325,196,al-Bahr al-Ahmar,0,,1,NULL
1326,196,al-Jazira,0,,1,NULL
1327,196,al-Qadarif,0,,1,NULL
1328,196,Bahr al-Jabal,0,,1,NULL
1329,196,Darfur al-Janubiya,0,,1,NULL
1330,196,Darfur al-Shamaliya,0,,1,NULL
1331,196,Kassala,0,,1,NULL
1332,196,Khartum,0,,1,NULL
1333,196,Kurdufan al-Shamaliy,0,,1,NULL
1334,205,Cap-Vert,0,,1,NULL
1335,205,Diourbel,0,,1,NULL
1336,205,Kaolack,0,,1,NULL
1337,205,Saint-Louis,0,,1,NULL
1339,205,Ziguinchor,0,,1,NULL
1341,199,Saint Helena,0,,1,NULL
1343,194,Honiara,0,,1,NULL
1344,203,Western,0,,1,NULL
1345,210,La Libertad,0,,1,NULL
1346,210,San Miguel,0,,1,NULL
1347,210,San Salvador,0,,1,NULL
1348,210,Santa Ana,0,,1,NULL
1349,204,San Marino,0,,1,NULL
1351,206,Banaadir,0,,1,NULL
1352,206,Jubbada Hoose,0,,1,NULL
1353,206,Woqooyi Galbeed,0,,1,NULL
1354,180,Saint-Pierre,0,,1,NULL
1356,207,Paramaribo,0,,1,NULL
1357,202,Bratislava,0,,1,NULL
1359,200,Osrednjeslovenska,0,,1,NULL
1360,200,Podravska,0,,1,NULL
1365,197,Lisboa,0,,1,NULL
1372,213,Hhohho,0,,1,NULL
1374,212,al-Hasaka,0,,1,NULL
1375,212,al-Raqqa,0,,1,NULL
1376,212,Aleppo,0,,1,NULL
1377,212,Damascus,0,,1,NULL
1378,212,Damaskos,0,,1,NULL
1379,212,Dayr al-Zawr,0,,1,NULL
1380,212,Hama,0,,1,NULL
1381,212,Hims,0,,1,NULL
1382,212,Idlib,0,,1,NULL
1383,212,Latakia,0,,1,NULL
1384,214,Grand Turk,0,,1,NULL
1386,215,Logone Occidental,0,,1,NULL
1388,218,Bangkok,0,,1,NULL
1389,218,Chiang Mai,0,,1,NULL
1390,218,Khon Kaen,0,,1,NULL
1391,218,Nakhon Pathom,0,,1,NULL
1392,218,Nakhon Ratchasima,0,,1,NULL
1393,218,Nakhon Sawan,0,,1,NULL
1394,218,Nonthaburi,0,,1,NULL
1395,218,Songkhla,0,,1,NULL
1396,218,Ubon Ratchathani,0,,1,NULL
1397,218,Udon Thani,0,,1,NULL
1398,219,Karotegin,0,,1,NULL
1399,219,Khujand,0,,1,NULL
1400,220,Fakaofo,0,,1,NULL
1401,222,Ahal,0,,1,NULL
1402,222,Dashhowuz,0,,1,NULL
1404,222,Mary,0,,1,NULL
1405,221,Dili,0,,1,NULL
1407,226,Caroni,0,,1,NULL
1408,226,Port-of-Spain,0,,1,NULL
1409,223,Ariana,0,,1,NULL
1410,223,Biserta,0,,1,NULL
1412,223,Kairouan,0,,1,NULL
1413,223,Sfax,0,,1,NULL
1414,223,Sousse,0,,1,NULL
1415,223,Tunis,0,,1,NULL
1416,225,Adana,0,,1,NULL
1417,225,Adiyaman,0,,1,NULL
1418,225,Afyon,0,,1,NULL
1419,225,Aksaray,0,,1,NULL
1420,225,Ankara,0,,1,NULL
1421,225,Antalya,0,,1,NULL
1422,225,Aydin,0,,1,NULL
1424,225,Balikesir,0,,1,NULL
1425,225,Batman,0,,1,NULL
1426,225,Bursa,0,,1,NULL
1427,225,Denizli,0,,1,NULL
1428,225,Diyarbakir,0,,1,NULL
1429,225,Edirne,0,,1,NULL
1431,225,Erzincan,0,,1,NULL
1432,225,Erzurum,0,,1,NULL
1433,225,Eskisehir,0,,1,NULL
1434,225,Gaziantep,0,,1,NULL
1435,225,Hatay,0,,1,NULL
1437,225,Isparta,0,,1,NULL
1438,225,Istanbul,0,,1,NULL
1439,225,Izmir,0,,1,NULL
1440,225,Kahramanmaras,0,,1,NULL
1442,225,Karaman,0,,1,NULL
1443,225,Kars,0,,1,NULL
1444,225,Kayseri,0,,1,NULL
1446,225,Kilis,0,,1,NULL
1447,225,Kirikkale,0,,1,NULL
1448,225,Kocaeli,0,,1,NULL
1449,225,Konya,0,,1,NULL
1450,225,Malatya,0,,1,NULL
1451,225,Manisa,0,,1,NULL
1452,225,Mardin,0,,1,NULL
1453,225,Ordu,0,,1,NULL
1454,225,Osmaniye,0,,1,NULL
1455,225,Sakarya,0,,1,NULL
1456,225,Samsun,0,,1,NULL
1457,225,Sanliurfa,0,,1,NULL
1458,225,Siirt,0,,1,NULL
1459,225,Sivas,0,,1,NULL
1460,225,Tekirdag,0,,1,NULL
1461,225,Tokat,0,,1,NULL
1462,225,Trabzon,0,,1,NULL
1463,225,Usak,0,,1,NULL
1464,225,Van,0,,1,NULL
1465,225,Zonguldak,0,,1,NULL
1466,227,Funafuti,0,,1,NULL
1468,228,Changhwa,0,,1,NULL
1469,228,Chiayi,0,,1,NULL
1470,228,Hsinchu,0,,1,NULL
1471,228,Hualien,0,,1,NULL
1472,228,Ilan,0,,1,NULL
1473,228,Kaohsiung,0,,1,NULL
1474,228,Keelung,0,,1,NULL
1475,228,Miaoli,0,,1,NULL
1476,228,Nantou,0,,1,NULL
1477,228,Pingtung,0,,1,NULL
1478,228,Taichung,0,,1,NULL
1479,228,Tainan,0,,1,NULL
1480,228,Taipei,0,,1,NULL
1481,228,Taitung,0,,1,NULL
1482,228,Taoyuan,0,,1,NULL
1484,229,Arusha,0,,1,NULL
1485,229,Dar es Salaam,0,,1,NULL
1486,229,Dodoma,0,,1,NULL
1487,229,Kilimanjaro,0,,1,NULL
1488,229,Mbeya,0,,1,NULL
1489,229,Morogoro,0,,1,NULL
1490,229,Mwanza,0,,1,NULL
1491,229,Tabora,0,,1,NULL
1492,229,Tanga,0,,1,NULL
1493,229,Zanzibar West,0,,1,NULL
1494,231,Central,0,,1,NULL
1495,230,Dnipropetrovsk,0,,1,NULL
1496,230,Donetsk,0,,1,NULL
1498,230,Herson,0,,1,NULL
1499,230,Hmelnytskyi,0,,1,NULL
1500,230,Ivano-Frankivsk,0,,1,NULL
1501,230,Kiova,0,,1,NULL
1502,230,Kirovograd,0,,1,NULL
1503,230,Krim,0,,1,NULL
1504,230,Lugansk,0,,1,NULL
1505,230,Lviv,0,,1,NULL
1506,230,Mykolajiv,0,,1,NULL
1507,230,Odesa,0,,1,NULL
1509,230,Rivne,0,,1,NULL
1510,230,Sumy,0,,1,NULL
1511,230,Taka-Karpatia,0,,1,NULL
1512,230,Ternopil,0,,1,NULL
1516,230,Vinnytsja,0,,1,NULL
1517,230,Volynia,0,,1,NULL
1518,230,Zaporizzja,0,,1,NULL
1519,230,Zytomyr,0,,1,NULL
1520,234,Montevideo,0,,1,NULL
1521,233,Alabama,0,,1,NULL
1522,233,Alaska,0,,1,NULL
1523,233,Arizona,0,,1,NULL
1524,233,Arkansas,0,,1,NULL
1525,233,California,0,,1,NULL
1526,233,Colorado,0,,1,NULL
1527,233,Connecticut,0,,1,NULL
1528,233,District of Columbia,0,,1,NULL
1529,233,Florida,0,,1,NULL
1530,233,Georgia,0,,1,NULL
1531,233,Hawaii,0,,1,NULL
1532,233,Idaho,0,,1,NULL
1533,233,Illinois,0,,1,NULL
1534,233,Indiana,0,,1,NULL
1535,233,Iowa,0,,1,NULL
1536,233,Kansas,0,,1,NULL
1537,233,Kentucky,0,,1,NULL
1538,233,Louisiana,0,,1,NULL
1539,233,Maryland,0,,1,NULL
1540,233,Massachusetts,0,,1,NULL
1541,233,Michigan,0,,1,NULL
1542,233,Minnesota,0,,1,NULL
1543,233,Mississippi,0,,1,NULL
1544,233,Missouri,0,,1,NULL
1545,233,Montana,0,,1,NULL
1546,233,Nebraska,0,,1,NULL
1547,233,Nevada,0,,1,NULL
1548,233,New Hampshire,0,,1,NULL
1549,233,New Jersey,0,,1,NULL
1550,233,New Mexico,0,,1,NULL
1551,233,New York,0,,1,NULL
1552,233,North Carolina,0,,1,NULL
1553,233,Ohio,0,,1,NULL
1554,233,Oklahoma,0,,1,NULL
1555,233,Oregon,0,,1,NULL
1556,233,Pennsylvania,0,,1,NULL
1557,233,Rhode Island,0,,1,NULL
1558,233,South Carolina,0,,1,NULL
1559,233,South Dakota,0,,1,NULL
1560,233,Tennessee,0,,1,NULL
1561,233,Texas,0,,1,NULL
1562,233,Utah,0,,1,NULL
1563,233,Virginia,0,,1,NULL
1564,233,Washington,0,,1,NULL
1565,233,Wisconsin,0,,1,NULL
1566,235,Andijon,0,,1,NULL
1567,235,Buhoro,0,,1,NULL
1568,235,Cizah,0,,1,NULL
1569,235,Fargona,0,,1,NULL
1570,235,Karakalpakistan,0,,1,NULL
1572,235,Namangan,0,,1,NULL
1573,235,Navoi,0,,1,NULL
1574,235,Qashqadaryo,0,,1,NULL
1575,235,Samarkand,0,,1,NULL
1576,235,Surkhondaryo,0,,1,NULL
1577,235,Toskent,0,,1,NULL
1578,235,Toskent Shahri,0,,1,NULL
1583,238,Apure,0,,1,NULL
1584,238,Aragua,0,,1,NULL
1585,238,Barinas,0,,1,NULL
1587,238,Carabobo,0,,1,NULL
1588,238,Distrito Federal,0,,1,NULL
1591,238,Lara,0,,1,NULL
1593,238,Miranda,0,,1,NULL
1595,238,Portuguesa,0,,1,NULL
1596,238,Sucre,0,,1,NULL
1598,238,Trujillo,0,,1,NULL
1599,238,Yaracuy,0,,1,NULL
1600,238,Zulia,0,,1,NULL
1601,241,Tortola,0,,1,NULL
1602,241,St Thomas,0,,1,NULL
1603,241,An Giang,0,,1,NULL
1604,241,Ba Ria-Vung Tau,0,,1,NULL
1605,241,Bac Thai,0,,1,NULL
1606,241,Binh Dinh,0,,1,NULL
1608,241,Can Tho,0,,1,NULL
1609,241,Dac Lac,0,,1,NULL
1611,241,Haiphong,0,,1,NULL
1612,241,Hanoi,0,,1,NULL
1613,241,Ho Chi Minh City,0,,1,NULL
1614,241,Khanh Hoa,0,,1,NULL
1615,241,Kien Giang,0,,1,NULL
1616,241,Lam Dong,0,,1,NULL
1617,241,Nam Ha,0,,1,NULL
1618,241,Nghe An,0,,1,NULL
1619,241,Quang Binh,0,,1,NULL
1620,241,Quang Nam-Da Nang,0,,1,NULL
1621,241,Quang Ninh,0,,1,NULL
1622,241,Thua Thien-Hue,0,,1,NULL
1623,241,Tien Giang,0,,1,NULL
1624,242,Shefa,0,,1,NULL
1625,243,Wallis,0,,1,NULL
1626,244,Upolu,0,,1,NULL
1627,246,Aden,0,,1,NULL
1628,246,Hadramawt,0,,1,NULL
1629,246,Hodeida,0,,1,NULL
1630,246,Ibb,0,,1,NULL
1631,246,Sanaa,0,,1,NULL
1632,246,Taizz,0,,1,NULL
1633,246,Central Serbia,0,,1,NULL
1634,246,Kosovo and Metohija,0,,1,NULL
1635,246,Montenegro,0,,1,NULL
1636,246,Vojvodina,0,,1,NULL
1637,248,Eastern Cape,0,,1,NULL
1638,248,Free State,0,,1,NULL
1639,248,Gauteng,0,,1,NULL
1640,248,KwaZulu-Natal,0,,1,NULL
1641,248,Mpumalanga,0,,1,NULL
1642,248,North West,0,,1,NULL
1643,248,Northern Cape,0,,1,NULL
1644,248,Western Cape,0,,1,NULL
1645,249,Central,0,,1,NULL
1646,249,Copperbelt,0,,1,NULL
1647,249,Lusaka,0,,1,NULL
1648,250,Bulawayo,0,,1,NULL
1649,250,Harare,0,,1,NULL
1650,250,Manicaland,0,,1,NULL
1651,250,Midlands,0,,1,NULL
1652,105,Telangana,36,TN,1,NULL
1653,198,SINGAPORE,0,,1,NULL
